-- List of commune in Norway, duplicates marked by name(county)
INSERT INTO commune (name) VALUES
('Agdenes'),
('Alstahaug'),
('Alta'),
('Alvdal'),
('Andøy'),
('Aremark'),
('Arendal'),
('Asker'),
('Askim'),
('Askvoll'),
('Askøy'),
('Audnedal'),
('Aukra'),
('Aure'),
('Aurland'),
('Aurskog-Høland'),
('Austevoll'),
('Austrheim'),
('Averøy'),
('Balestrand'),
('Ballangen'),
('Balsfjord'),
('Bamble'),
('Bardu'),
('Beiarn'),
('Berg'),
('Bergen'),
('Berlevåg'),
('Bindal'),
('Birkenes'),
('Bjerkreim'),
('Bjugn'),
('Bodø'),
('Bokn'),
('Bremanger'),
('Brønnøy'),
('Bygland'),
('Bykle'),
('Båtsfjord'),
('Bærum'),
('Bø(Nordland)'),
('Bø(Telemark)'),
('Bømlo'),
('Dovre'),
('Drammen'),
('Drangedal'),
('Dyrøy'),
('Dønna'),
('Eid'),
('Eide'),
('Eidfjord'),
('Eidsberg'),
('Eidskog'),
('Eidsvoll'),
('Eigersund'),
('Elverum'),
('Enebakk'),
('Engerdal'),
('Etne'),
('Etnedal'),
('Evenes'),
('Evje og Hornnes'),
('Farsund'),
('Fauske'),
('Fedje'),
('Fet'),
('Finnøy'),
('Fitjar'),
('Fjaler'),
('Fjell'),
('Flakstad'),
('Flatanger'),
('Flekkefjord'),
('Flesberg'),
('Flora'),
('Flå'),
('Folldal'),
('Forsand'),
('Fosnes'),
('Fredrikstad'),
('Frogn'),
('Froland'),
('Frosta'),
('Fræna'),
('Frøya'),
('Fusa'),
('Fyresdal'),
('Færder'),
('Førde'),
('Gamvik'),
('Gaular'),
('Gausdal'),
('Gildeskål'),
('Giske'),
('Gjemnes'),
('Gjerdrum'),
('Gjerstad'),
('Gjesdal'),
('Gjøvik'),
('Gloppen'),
('Gol'),
('Gran'),
('Grane'),
('Granvin'),
('Gratangen'),
('Grimstad'),
('Grong'),
('Grue'),
('Gulen'),
('Hadsel'),




('Halsa'),
('Hamar'),
('Hamarøy'),
('Hammerfest'),
('Haram'),
('Hareid'),
('Harstad[13]'),
('Hasvik'),
('Hattfjelldal'),
('Haugesund'),
('Hemne'),
('Hemnes'),
('Hemsedal'),
('Herøy(Møre og Romsdal)'),
('Herøy(Nordland)'),
('Hitra'),
('Hjartdal'),
('Hjelmeland'),
('Hobøl'),
('Hol'),
('Hole'),
('Holmestrand'),
('Holtålen'),
('Hornindal'),
('Horten'),
('Hurdal'),
('Hurum'),
('Hvaler'),
('Hyllestad'),
('Hå'),
('Hægebostad'),
('Høyanger'),
('Høylandet'),
('Ibestad'),
('Inderøy'),
('Indre Fosen'),
('Iveland'),
('Jevnaker'),
('Jondal'),
('Jølster'),
('Karasjok'),
('Karlsøy'),
('Karmøy'),
('Kautokeino'),
('Klepp'),
('Klæbu'),
('Kongsberg'),
('Kongsvinger'),
('Kragerø'),
('Kristiansand'),
('Kristiansund'),
('Krødsherad'),
('Kvalsund'),
('Kvam'),
('Kvinesdal'),
('Kvinnherad'),
('Kviteseid'),
('Kvitsøy'),
('Kvæfjord'),
('Kvænangen'),
('Kåfjord'),
('Larvik'),
('Lavangen'),
('Lebesby'),
('Leikanger'),
('Leirfjord'),
('Leka'),
('Lenvik'),
('Lesja'),
('Levanger'),
('Lier'),
('Lierne'),
('Lillehammer'),
('Lillesand'),
('Lindesnes'),
('Lindås'),
('Lom'),
('Loppa'),
('Lund'),
('Lunner'),
('Lurøy'),
('Luster'),
('Lyngdal'),
('Lyngen'),
('Lærdal'),
('Lødingen'),
('Lørenskog'),
('Løten'),
('Malvik'),
('Mandal'),
('Marker'),
('Marnardal'),
('Masfjorden'),
('Meland'),
('Meldal'),
('Melhus'),
('Meløy'),
('Meråker'),
('Midsund'),
('Midtre Gauldal'),
('Modalen'),
('Modum'),
('Molde'),
('Moskenes'),
('Moss'),
('Målselv'),
('Måsøy'),
('Namdalseid'),
('Namsos'),
('Namsskogan'),
('Nannestad'),
('Narvik'),
('Naustdal'),
('Nedre Eiker'),
('Nes(Buskerud)'),
('Nes(Akershus)'),
('Nesna'),
('Nesodden'),
('Nesseby'),
('Nesset'),
('Nissedal'),
('Nittedal'),
('Nome'),
('Nord-Aurdal'),
('Nord-Fron'),
('Nord-Odal'),
('Norddal'),
('Nordkapp'),
('Nordre Land'),
('Nordreisa'),
('Nore og Uvdal'),
('Notodden'),
('Nærøy'),
('Odda'),
('Oppdal'),
('Oppegård'),
('Orkdal'),
('Os(Hedmark)'),
('Os(Hordaland)'),
('Osen'),
('Oslo'),
('Osterøy'),
('Overhalla'),
('Porsanger'),
('Porsgrunn'),
('Radøy'),
('Rakkestad'),
('Rana'),
('Randaberg'),
('Rauma'),
('Re'),
('Rendalen'),
('Rennebu'),
('Rennesøy'),
('Rindal'),
('Ringebu'),
('Ringerike'),
('Ringsaker'),
('Risør'),
('Roan'),
('Rollag'),
('Rygge'),
('Råde'),
('Rælingen'),
('Rødøy'),
('Rømskog'),
('Røros'),
('Røst'),
('Røyken'),
('Røyrvik'),
('Salangen'),
('Saltdal'),
('Samnanger'),
('Sande(vestfold)'),
('Sande(Møre og Romsdal)'),
('Sandefjord'),
('Sandnes'),
('Sandøy'),
('Sarpsborg'),
('Sauda'),
('Sauherad'),
('Sel'),
('Selbu'),
('Selje'),
('Seljord'),
('Sigdal'),
('Siljan'),
('Sirdal'),
('Skaun'),
('Skedsmo'),
('Ski'),
('Skien'),
('Skiptvet'),
('Skjervøy'),
('Skjåk'),
('Skodje'),
('Skånland'),
('Smøla'),
('Snillfjord'),
('Snåsa'),
('Sogndal'),
('Sokndal'),
('Sola'),
('Solund'),
('Songdalen'),
('Sortland'),
('Spydeberg'),
('Stange'),
('Stavanger'),
('Steigen'),
('Steinkjer'),
('Stjørdal'),
('Stor-Elvdal'),
('Stord'),
('Stordal'),
('Storfjord'),
('Strand'),
('Stranda'),
('Stryn'),
('Sula'),
('Suldal'),
('Sund'),
('Sunndal'),
('Surnadal'),
('Sveio'),
('Svelvik'),
('Sykkylven'),
('Søgne'),
('Sømna'),
('Søndre Land'),
('Sør-Aurdal'),
('Sør-Fron'),
('Sør-Odal'),
('Sør-Varanger'),
('Sørfold'),
('Sørreisa'),
('Sørum'),
('Tana'),
('Time'),
('Tingvoll'),
('Tinn'),
('Tjeldsund'),
('Tokke'),
('Tolga'),
('Torsken'),
('Tranøy'),
('Tromsø'),
('Trondheim'),
('Trysil'),
('Træna'),
('Trøgstad'),
('Tvedestrand'),
('Tydal'),
('Tynset'),
('Tysfjord'),
('Tysnes'),
('Tysvær'),
('Tønsberg'),
('Ullensaker'),
('Ullensvang'),
('Ulstein'),
('Ulvik'),
('Utsira'),
('Vadsø'),
('Vaksdal'),
('Valle'),
('Vang'),
('Vanylven'),
('Vardø'),
('Vefsn'),
('Vega'),
('Vegårshei'),
('Vennesla'),
('Verdal'),
('Verran'),
('Vestby'),
('Vestnes'),
('Vestre Slidre'),
('Vestre Toten'),
('Vestvågøy'),
('Vevelstad'),
('Vik'),
('Vikna'),
('Vindafjord'),
('Vinje'),
('Volda'),
('Voss'),
('Vågan'),
('Vågsøy'),
('Vågå'),
('Våler(Hedmark)'),
('Våler(Østfold)'),
('Værøy'),
('Åfjord'),
('Ål'),
('Ålesund'),
('Åmli'),
('Åmot'),
('Årdal'),
('Ås'),
('Åseral'),
('Åsnes'),
('Øksnes'),
('Ørland'),
('Ørskog'),
('Ørsta'),
('Østre Toten'),
('Øvre Eiker'),
('Øyer'),
('Øygarden'),
('Øystre Slidre');